{"cameraMode":{"drawMode":0,"name":"Shaded","section":"Shading Mode"},"sceneLighting":true,"audioPlay":false,"sceneViewState":{"m_AlwaysRefresh":false,"showFog":true,"showSkybox":true,"showFlares":true,"showImageEffects":true,"showParticleSystems":true,"showVisualEffectGraphs":true,"m_FxEnabled":true},"in2DMode":false,"pivot":{"x":11.640000343322754,"y":9.789999961853028,"z":10.579999923706055},"rotation":{"x":-0.0043676430359482769,"y":0.9689372181892395,"z":-0.2466977834701538,"w":-0.017151350155472757},"size":7.0745015144348148,"orthographic":false}